{"cameraMode":{"drawMode":0,"name":"Shaded","section":"Shading Mode"},"sceneLighting":true,"audioPlay":false,"sceneViewState":{"m_AlwaysRefresh":false,"showFog":true,"showSkybox":true,"showFlares":true,"showImageEffects":true,"showParticleSystems":true,"showVisualEffectGraphs":true,"m_FxEnabled":true},"in2DMode":false,"pivot":{"x":3.3491411209106447,"y":-0.23929071426391602,"z":3.527216911315918},"rotation":{"x":0.1622747927904129,"y":0.07717283070087433,"z":-0.012731190770864487,"w":0.9836435317993164},"size":4.580715656280518,"orthographic":false}