{"cameraMode":{"drawMode":0,"name":"Shaded","section":"Shading Mode"},"sceneLighting":true,"audioPlay":false,"sceneViewState":{"m_AlwaysRefresh":false,"showFog":true,"showSkybox":true,"showFlares":true,"showImageEffects":true,"showParticleSystems":true,"showVisualEffectGraphs":true,"m_FxEnabled":true},"in2DMode":false,"pivot":{"x":46.282135009765628,"y":-11.470020294189454,"z":175.70211791992188},"rotation":{"x":0.2211996465921402,"y":0.25119492411613467,"z":-0.059078190475702289,"w":0.9404777884483337},"size":73.47309875488281,"orthographic":false}